ID Kabupaten,Tanggal Kejadian,Kejadian,Lokasi,Kabupaten,Provinsi,Penyebab,Meninggal,Hilang,Terluka,Rumah Rusak,Rumah Terendam,Fasum Rusak,city,severity_score,year,month
3171,2020-01-01,BANJIR,KEC. CEMPAKA PUTIH KEC. KEMAYORAN KEL. SERDANG,KOTA JAKARTA PUSAT,DKI JAKARTA,UNKNOWN,2.0,0.0,0.0,0,0.0,0,JAKARTA PUSAT,20.0,2020,1
3173,2020-01-01,BANJIR,KEC. KEMBANGAN KEL. MERUYA UTARA KEL. KEMBANGAN SELATAN KEC. KALIDERES KEL. KALIDERES KEL. SEMANAN KEC. CENGKARENG KEL. RAWA BUAYA KEL. CENGKARENG TIMUR,KOTA JAKARTA BARAT,DKI JAKARTA,UNKNOWN,4.0,0.0,0.0,0,0.0,0,JAKARTA BARAT,40.0,2020,1
3175,2020-01-01,BANJIR,KEC. MAKASAR KEL. CIPINANG MELAYU KEL. PINANG RANTI KEL. KAMPUNG MAKASSAR KEL. CIPINANG MELAYU KEL. HALIM PERDANA KUSUMAH KEC. KRAMAT JATI KEL. DUKUH KEL. KAMPUNG TENGAH KEC. CIRACAS KEL. SUSUKAN KEC. PULOGADUNG KEL. PULOGADUNG KEC. DUREN SAWIT KEL. PONDOK KELAPA KEC. PASAR REBO KEL. GEDONG KEC. JATINEGARA KEL. KAMPUNG MELAYU,KOTA JAKARTA TIMUR,DKI JAKARTA,UNKNOWN,8.0,0.0,0.0,0,1000.0,0,JAKARTA TIMUR,1080.0,2020,1
3174,2020-01-01,BANJIR,KEC. PANCORAN KEL. KALIBATA KEL. RAWAJATI KEL. DUREN TIGA KEL. BANGKA KEL. PANCORAN KEC. PESANGGRAHAN KEL. BINTARO KEC. CILANDAK KEL. PONDOK LABU KEL. LEBAK BULUS KEL. GANDARIA SELATAN KEC. KEBAYORAN BARU KEL. PETOGOGAN KEL. PULO KEL. CIPETE UTARA KEL. RAWA BARAT KEC. SETIABUDI KEL. PASAR MANGGIS KEL. GUNTUR KEL. KARET KUNING KEL KUNING TIMUR KEL. KUNINGAN KEL. KARET SETIABUDI KEL. SETIABUDI KEC. MAMPANG PRAPATAN KEL. PELA MAMPANG KEL. KUNINGAN BARAT KEL. MAMPANG KEL. KUNINGAN KEC. TEBET KEL. TEBET TIMUR KEL. KEBON BARU KEL. MANGGARAI KEL. BUKIT DURI KEL. MANGGARAI UTARA KEL. MENTENG KEC. PASAR MINGGU KEL. PEJATEN TIMUR KEL. CILANDAK TIMUR,KOTA JAKARTA SELATAN,DKI JAKARTA,UNKNOWN,1.0,0.0,0.0,0,0.0,0,JAKARTA SELATAN,10.0,2020,1
3172,2020-01-01,BANJIR,KEC. TANJUNG PRIOK KEL. PRIOK KEC. KELAPA GADING,KOTA JAKARTA UTARA,DKI JAKARTA,UNKNOWN,1.0,0.0,0.0,0,0.0,0,JAKARTA UTARA,10.0,2020,1
3174,2020-01-26,BANJIR,KEC. CILANDAK KEL. PONDOK BARU KEL. LEBAK BULUS,KOTA JAKARTA SELATAN,DKI JAKARTA,• AKIBAT CURAH HUJAN TINGGI & LUAPAN KALI GROGOL,0.0,0.0,0.0,0,0.0,0,JAKARTA SELATAN,0.0,2020,1
3173,2020-02-01,BANJIR,KEC. KEMBANGAN  KEL. KEMBANGAN SELATAN  KEL. KEMBANGAN UTARA  KEC. CENGKARENG  KEL. RAWA BUAYA  KEL. CENGKARENG TIMUR  KEL. KAPUK  KEL. DURI KOSAMBI  KEL. KEDAUNG KALI ANGKE  KEC. KALIDERES  KEL. SEMANAN  KEL. TEGAL ALUR  KOTA JAKARTA UTARA  KEC. PENJARINGAN  KEL. PLUIT  KOTA JAKARTA TIMUR  KEC. CAKUNG  KEL. RAWA TERATE,KOTA JAKARTA BARAT,DKI JAKARTA,• AKIBAT HUJAN DENGAN INTENSITAS TINGGI DAN MELUAPNYA KALI,0.0,0.0,0.0,0,0.0,0,JAKARTA BARAT,0.0,2020,2
3173,2020-02-08,BANJIR,KEC. CENGKARENG KEL. CENGKARENG TIMUR KEL. KAPUK KEL. CENGKARENG BARAT KEL. RAWA BUAYA,KOTA JAKARTA BARAT,DKI JAKARTA,• AKIBAT HUJAN DENGAN INTENSITAS TINGGI,0.0,0.0,0.0,0,0.0,0,JAKARTA BARAT,0.0,2020,2
3175,2020-02-08,BANJIR,KEC. JATINEGARA KEL. KAMPUNG MELAYU KEL. CIPINANG MUARA KEL. RAWA BUNGA KEL. BIDARA CINA KEC. KRAMAT JATI KEL. BALAKEMBANG KEL. CAWANG KEL. CILILITAN KEC. MAKASAR KEL. KEBON PALA KEL. CIPINANG MELAYU KEC. PULOGADUNG KEL. KAYU PUTIH KEL. JATI KEL. PULOGADUNG KEC. DUREN SAWIT KEL. PONDOK KELAPA KEC. CAKUNG KEL. RAWA TERATE KEL. PENGGILINGAN KEC. MATRAMAN KEL. KEBON MANGGIS,KOTA JAKARTA TIMUR,DKI JAKARTA,• AKIBAT HUJAN DENGAN INTENSITAS TINGGI,0.0,0.0,0.0,0,0.0,0,JAKARTA TIMUR,0.0,2020,2
3171,2020-02-08,BANJIR,KEC. KEMAYORAN KEL. GUNUNG SAHARI SELATAN KEL. CEMPAKA PUTIH BARAT KEC. TANAH ABANG KEL. BENDUNGAN HILIR,KOTA JAKARTA PUSAT,DKI JAKARTA,• AKIBAT HUJAN DENGAN INTENSITAS TINGGI,0.0,0.0,0.0,0,0.0,0,JAKARTA PUSAT,0.0,2020,2
3174,2020-02-08,BANJIR,KEC. PASAR MINGGU KEL. PEJATEN TIMUR KEC. PANCORAN KEL. PENGADEGAN KEL. CIKOKO KEC. TEBET KEL. KEBON BARU KEL. MANGGARAI KEL. BUKIT DURI KEC. JAGAKARSA KEL. TANJUNG BARAT KEC. KEBAYORAN BARU KEL. PETOGOGAN,KOTA JAKARTA SELATAN,DKI JAKARTA,• AKIBAT HUJAN DENGAN INTENSITAS TINGGI,0.0,0.0,0.0,0,0.0,0,JAKARTA SELATAN,0.0,2020,2
3172,2020-02-08,BANJIR,KEC. TANJUNG PRIOK KEL. SUNTER KEC. KELAPA GADING KEL. KELAPA GADING BARAT KEL. KELAPA GADING TIMUR KEL. TANJUNG PRIOK KEC. PENJARINGAN KEL. PEJAGALAN KEC. KOJA KEL. TUGU UTARA KEL. TUGU SELATAN KEC. CILINCING KEL. ROROTAN KEL. SEMPER BARAT KEC. PADEMANGAN KEL. PADEMANGAN BARAT,KOTA JAKARTA UTARA,DKI JAKARTA,• AKIBAT HUJAN DENGAN INTENSITAS TINGGI,0.0,0.0,0.0,0,0.0,0,JAKARTA UTARA,0.0,2020,2
3175,2020-02-16,BANJIR,KEC. CAKUNG KEL. JATINEGARA    KEL. PULO GEBANG KEL. PENGGILINGAN KEC. DURENSAWIT KEL. KLENDER KEL. DURENSAWIT KEL. PONDOK KELAPA   KEC. PULOGADUNG KEL. PULOGADUNG KEC. MAKASAR KEL. KEBON APAL KEL. CIPINANG MELAYU KEC. CIPAYUNG KEL. CIPAYUNG KEL. LUBANG BUAYA KEC. CIRACAS KEL. RAMBUITAN KEC. PASAR REBO KEL. PAKAYON KEC. JATINEGARA KEC. CIPINANG UTARA KEL BIDARA CINA KEL. KAMPU MELAYU KEC. KRAMAT JATI KEL. CAWANG,KOTA JAKARTA TIMUR,DKI JAKARTA,• HUJAN DENGAN INTENSITAS TINGGI,1.0,0.0,0.0,0,783.0,0,JAKARTA TIMUR,793.0,2020,2
3173,2020-02-16,BANJIR,KEC. KEBON JERUK KEL. SUKABUMI SELATAN KEC. GROGOL PETAMBURAN KEL. TANJUNG DUREN SELATAN KEC. CENGKARENG KEL. KAPUK KEL. CENGAKRENG BARAT KEL. CENGKARENG TIMUR KEL. RAWA BUAYA KEL. DURI KOSAMBI KEC. KALISERES,KOTA JAKARTA BARAT,DKI JAKARTA,• HUJAN DENGAN INTENSITAS TINGGI,0.0,0.0,0.0,0,0.0,0,JAKARTA BARAT,0.0,2020,2
3174,2020-02-16,BANJIR,KEC. PASAR MINGGU KEL. PEJATEN TIMUR,KOTA JAKARTA SELATAN,DKI JAKARTA,• HUJAN DENGAN INTENSITAS TINGGI,0.0,0.0,0.0,0,0.0,0,JAKARTA SELATAN,0.0,2020,2
3175,2020-02-20,BANJIR,UNKNOWN,KOTA JAKARTA TIMUR,DKI JAKARTA,• AKIBAT HUJAN DENGAN INTESITAS TINGGI,0.0,0.0,0.0,0,0.0,0,JAKARTA TIMUR,0.0,2020,2
3173,2020-02-20,BANJIR,KEC. CENGKARENG  KEL. KAPUK KEL. KALIDERAS,KOTA JAKARTA BARAT,DKI JAKARTA,• AKIBAT HUJAN DENGAN INTESITAS TINGGI,0.0,0.0,0.0,0,0.0,0,JAKARTA BARAT,0.0,2020,2
3174,2020-02-20,BANJIR,KEC. PASAR MINGGU KEL. PEJATEN TIMUR  KEC. PANCORAN  KEL. RAWAJATI,KOTA JAKARTA SELATAN,DKI JAKARTA,• AKIBAT HUJAN DENGAN INTESITAS TINGGI,0.0,0.0,0.0,0,0.0,0,JAKARTA SELATAN,0.0,2020,2
3172,2020-02-20,BANJIR,KEC. PENJARINGAN  KEL. KAPUK MUARA,KOTA JAKARTA UTARA,DKI JAKARTA,• AKIBAT HUJAN DENGAN INTESITAS TINGGI,0.0,0.0,0.0,0,0.0,0,JAKARTA UTARA,0.0,2020,2
3171,2020-02-20,BANJIR,KEC. SENIN KEL. KRAMAT,KOTA JAKARTA PUSAT,DKI JAKARTA,• AKIBAT HUJAN DENGAN INTESITAS TINGGI,0.0,0.0,0.0,0,0.0,0,JAKARTA PUSAT,0.0,2020,2
3173,2020-02-23,BANJIR,KEC. CENGKARENG KEL. KEDAUNG KALIANGKE KEL. KAPUK KEC. KALIDERES KEL. TEGAL ALUR KEC. PALMERAH KEL. JATIPULO KEC. KEMBANAGAN KEL. KEMBANGAN SELATAN,KOTA JAKARTA BARAT,DKI JAKARTA,• AKIBAT HUJAN DENGAN INTENSITAS TINGGI,0.0,0.0,0.0,0,0.0,0,JAKARTA BARAT,0.0,2020,2
3175,2020-02-23,BANJIR,KEC. JATINEGARA KEL. KAMPUNG MELAYU KEL. RAWA BUNGA KEL. CIPINANG CEMPEDAK KEL. BIDARA CINA KEC. CAKUNG KEL. CAKUNG TIMUR KEL. PENGGILINGAN KEL. RAWA TERATE KEL. JATINEGARA KEC. KRAMAT JATI KEL. CAWANG KEL. CILILITAN KEL. BATU AMPAR KEC. MATRAMAN KEL. UTAN KAYU UTARA KEC. PULO GADUNG KEL. RAWAMANGUN KEL. PISANGAN TIMUR KEL. PULO GADUNG KEL. KAYU PUTIH KEL. PISANGAN BARU KEC. DUREN SAWIT KEL. PONDOK BAMBU KEL. KLENDER KEL. DUREN SAWIT KEC. MAKASAR KEL. CIPINANG MELAYU KEL. KEBON PALA KEL. PINANG RANTI KEL. MAKASAR,KOTA JAKARTA TIMUR,DKI JAKARTA,• AKIBAT HUJAN DENGAN INTENSITAS TINGGI,0.0,0.0,0.0,0,0.0,0,JAKARTA TIMUR,0.0,2020,2
3172,2020-02-23,BANJIR,KEC. KOJA KEL. RAWA BADAK SELATAN KEC. CILINCING KEL. ROROTAN KEL. SUKAPURA KEL. KELAPA GADING BARAT KEL. KELAPA GADING TIMUR KEL. PEGANGSAAN DUA,KOTA JAKARTA UTARA,DKI JAKARTA,• AKIBAT HUJAN DENGAN INTENSITAS TINGGI,0.0,0.0,0.0,0,0.0,0,JAKARTA UTARA,0.0,2020,2
3174,2020-02-23,BANJIR,KEC. SETIABUDI KEL. GUNTUR KEL. PASAR MANGGIS KEL. KARET SEMANGGI KEC. TEBET KEL. MANGGARAI KEC. MAMPANG PRAPATAN KEL. MAMPANG PRAMATAN KEC. PASAR MINGGU KEL. RAGUNAN KEC. PANCORAN KEL. PENGEDEGAN KEL. DUREN TIGA,KOTA JAKARTA SELATAN,DKI JAKARTA,• AKIBAT HUJAN DENGAN INTENSITAS TINGGI,0.0,0.0,0.0,0,0.0,0,JAKARTA SELATAN,0.0,2020,2
3171,2020-02-23,BANJIR,KEC. TANAH ABANG KEL. KEBON MELATI KEL. PETAMBURAN KEL. BENDUNGAN HILIR KEC. JOHAR BARU KEL. JOHAR BARU KEC. SAWAH BESAR KEL. PASAR BARU KEC. CEMPAKA PUTIH KEL. RAWASARI KEC. MENTENG KEL. KEBON SIRIH KEL. MENTENG KEC. SENEN KEL. KRAMAT KEC. KEMAYORAN KEL. SERDANG KEL. CEMPAKA BARU KEL. GUNUNG SAHARI SELATAN,KOTA JAKARTA PUSAT,DKI JAKARTA,• AKIBAT HUJAN DENGAN INTENSITAS TINGGI,0.0,0.0,0.0,0,0.0,0,JAKARTA PUSAT,0.0,2020,2
3173,2020-02-25,BANJIR,KEC. CENGKARENG KEL. KEDAUNG KALIANGKE KEL. KAPUK KEC. KALIDERES KEL. TEGAL ALUR KEC. PALMERAH KEL. JATIPULO KEC. KEMBANAGAN KEL. KEMBANGAN SELATAN,KOTA JAKARTA BARAT,DKI JAKARTA,• AKIBAT HUJAN DENGAN INTENSITAS TINGGI,1.0,0.0,0.0,0,0.0,0,JAKARTA BARAT,10.0,2020,2
3175,2020-02-25,BANJIR,KEC. JATINEGARA KEL. KAMPUNG MELAYU KEL. RAWA BUNGA KEL. CIPINANG CEMPEDAK KEL. BIDARA CINA KEC. CAKUNG KEL. CAKUNG TIMUR KEL. PENGGILINGAN KEL. RAWA TERATE KEL. JATINEGARA KEC. KRAMAT JATI KEL. CAWANG KEL. CILILITAN KEL. BATU AMPAR KEC. MATRAMAN KEL. UTAN KAYU UTARA KEC. PULO GADUNG KEL. RAWAMANGUN KEL. PISANGAN TIMUR KEL. PULO GADUNG KEL. KAYU PUTIH KEL. PISANGAN BARU KEC. DUREN SAWIT KEL. PONDOK BAMBU KEL. KLENDER KEL. DUREN SAWIT KEC. MAKASAR KEL. CIPINANG MELAYU KEL. KEBON PALA KEL. PINANG RANTI KEL. MAKASAR,KOTA JAKARTA TIMUR,DKI JAKARTA,• AKIBAT HUJAN DENGAN INTENSITAS TINGGI,1.0,0.0,0.0,0,0.0,0,JAKARTA TIMUR,10.0,2020,2
3172,2020-02-25,BANJIR,KEC. KOJA KEL. RAWA BADAK SELATAN KEC. CILINCING KEL. ROROTAN KEL. SUKAPURA KEL. KELAPA GADING BARAT KEL. KELAPA GADING TIMUR KEL. PEGANGSAAN DUA,KOTA JAKARTA UTARA,DKI JAKARTA,• AKIBAT HUJAN DENGAN INTENSITAS TINGGI,0.0,0.0,0.0,0,0.0,0,JAKARTA UTARA,0.0,2020,2
3174,2020-02-25,BANJIR,KEC. SETIABUDI KEL. GUNTUR KEL. PASAR MANGGIS KEL. KARET SEMANGGI KEC. TEBET KEL. MANGGARAI KEC. MAMPANG PRAPATAN KEL. MAMPANG PRAMATAN KEC. PASAR MINGGU KEL. RAGUNAN KEC. PANCORAN KEL. PENGEDEGAN KEL. DUREN TIGA,KOTA JAKARTA SELATAN,DKI JAKARTA,• AKIBAT HUJAN DENGAN INTENSITAS TINGGI,1.0,0.0,0.0,0,0.0,0,JAKARTA SELATAN,10.0,2020,2
3171,2020-02-25,BANJIR,KEC. TANAH ABANG KEL. KEBON MELATI KEL. PETAMBURAN KEL. BENDUNGAN HILIR KEC. JOHAR BARU KEL. JOHAR BARU KEC. SAWAH BESAR KEL. PASAR BARU KEC. CEMPAKA PUTIH KEL. RAWASARI KEC. MENTENG KEL. KEBON SIRIH KEL. MENTENG KEC. SENEN KEL. KRAMAT KEC. KEMAYORAN KEL. SERDANG KEL. CEMPAKA BARU KEL. GUNUNG SAHARI SELATAN,KOTA JAKARTA PUSAT,DKI JAKARTA,• AKIBAT HUJAN DENGAN INTENSITAS TINGGI,0.0,0.0,0.0,0,0.0,0,JAKARTA PUSAT,0.0,2020,2
3175,2020-04-01,BANJIR,KEC. JATINEGARA KEL. KP. MELAYU,KOTA JAKARTA TIMUR,DKI JAKARTA,• AKIBAT HUJAN DISERTAI MELUAPNYA KALI CILIWUNG,0.0,0.0,0.0,0,0.0,0,JAKARTA TIMUR,0.0,2020,4
3174,2020-04-26,BANJIR,KEC. CILANDAK KEL. LEBAK BULUS,KOTA JAKARTA SELATAN,DKI JAKARTA,• AKIBAT HUJAN DISERTAI MELUAPNYA KALI PESANGGRAHAN DAN KALI GROGOL,0.0,0.0,0.0,0,3.0,0,JAKARTA SELATAN,3.0,2020,4
3174,2020-04-30,BANJIR,KEC. KEBAYORAN BARU KEL. GANDARIA UTARA KEL. PETOGOGAN  KEC. PASAR MINGGU  KEL. PEJATEN BARAT KEC. MAMPANG PRAPATAN KEL. BANGKA  KEC. PANCORAN  KEL. DUREN TIGA KEL. KALIBATA  KEC. KEBAYORAN LAMA KEL. KEBAYORAN LAMA SELATAN,KOTA JAKARTA SELATAN,DKI JAKARTA,• AKIBAT HUJAN DENGAN INTENSITAS TINGGI DAN BEBERAPA KALI SUNGAI MELUAP,0.0,0.0,0.0,0,0.0,0,JAKARTA SELATAN,0.0,2020,4
3173,2020-04-30,BANJIR,KEC. KEBON JERUK  KEL. SUKABUMI SELATAN,KOTA JAKARTA BARAT,DKI JAKARTA,• AKIBAT HUJAN DENGAN INTENSITAS TINGGI DAN BEBERAPA KALI SUNGAI MELUAP,0.0,0.0,0.0,0,0.0,0,JAKARTA BARAT,0.0,2020,4
3175,2020-04-30,BANJIR,KEC. KRAMAT JATI KEL. BATU AMPAR KEL. BALEKEMBANG KEC. CIRACAS  KEL. CIRACAS  KEL. RAMBUTAN  KEC. MAKASAR KEL. CIPINANG MELAYU  KEL. MAKASAR KEL. PINANG RANTI KEC. CIPAYUNG KEL. LUBANG BUAYA KEL. BAMBU APUS,KOTA JAKARTA TIMUR,DKI JAKARTA,• AKIBAT HUJAN DENGAN INTENSITAS TINGGI DAN BEBERAPA KALI SUNGAI MELUAP,0.0,0.0,0.0,0,0.0,0,JAKARTA TIMUR,0.0,2020,4
3175,2020-05-10,BANJIR,KEC. CIRACAS KEL. RAMBUTAN KEC. KRAMAT JATI KEL. TENGAH KEL. BATU AMPAR,KOTA JAKARTA TIMUR,DKI JAKARTA,• AKIBAT HUJAN DENGAN INTENSITAS TINGGI,0.0,0.0,0.0,0,0.0,0,JAKARTA TIMUR,0.0,2020,5
3174,2020-05-10,BANJIR,KEC. PASAR MINGGU KEL. PEJATEN TIMUR KEL. JATI PADANG,KOTA JAKARTA SELATAN,DKI JAKARTA,• AKIBAT HUJAN DENGAN INTENSITAS TINGGI,0.0,0.0,0.0,0,0.0,0,JAKARTA SELATAN,0.0,2020,5
3175,2020-05-18,BANJIR,KEC. JATINEGARA KEL. KP. MELAYU KEL. BIDARA CINA KEC. KRAMAT JATI KEL. CAWANG KEL. BALEKAMBANG KEL. CILILITAN KEC. MATRAMAN KEL. KEBON MANGGIS,KOTA JAKARTA TIMUR,DKI JAKARTA,• AKIBAT HUJAN DENGAN INTENSITAS TINGGI DISERTAI MELUAPNYA KALI CILIWUNG DAN KALI PESANGGRAHAN,0.0,0.0,0.0,0,750.0,0,JAKARTA TIMUR,750.0,2020,5
3174,2020-05-18,BANJIR,KEC. PASAR MINGGU KEL. PEJATEN TIMUR KEC. TEBET KEL. KEBON BARU KEL. MANGGARAI KEC. PANCORAN KEL. PEGADEGAN KEL. RAWAJATI KEC. KEBAYORAN LAMA KEL. PONDOK PINANG,KOTA JAKARTA SELATAN,DKI JAKARTA,• AKIBAT HUJAN DENGAN INTENSITAS TINGGI DISERTAI MELUAPNYA KALI CILIWUNG DAN KALI PESANGGRAHAN,0.0,0.0,0.0,0,0.0,0,JAKARTA SELATAN,0.0,2020,5
3175,2020-05-21,BANJIR,KEC. KAMPUNG MELAYU KEL. BIDARA CINA,KOTA JAKARTA TIMUR,DKI JAKARTA,• LUAPAN KALI CILIWUNG DAN KALI PESANGGRAHAN,0.0,0.0,0.0,0,248.0,0,JAKARTA TIMUR,248.0,2020,5
3174,2020-05-21,BANJIR,KEC. PASAR MINGGU KEL. KLATEN TIMUR KEC. PANCORAN KEL. RAWAJATI KEC. KEBAYORAN LAMA KEL. PONDOK PINANG,KOTA JAKARTA SELATAN,DKI JAKARTA,• LUAPAN KALI CILIWUNG DAN KALI PESANGGRAHAN,0.0,0.0,0.0,0,0.0,0,JAKARTA SELATAN,0.0,2020,5
3172,2020-06-04,BANJIR,KEC. PADEMANGAN KEL. ANCOL,KOTA JAKARTA UTARA,DKI JAKARTA,• AKIBAT PASANG AIR LAUT,0.0,0.0,0.0,0,50.0,0,JAKARTA UTARA,50.0,2020,6
3171,2020-09-22,BANJIR,UNKNOWN,KOTA JAKARTA PUSAT,DKI JAKARTA,"• CURAH HUJAN TINGGI, LUAPAN KALI ANGKE, KALI SEKRETARIS, KALI CILIWUNG",0.0,0.0,0.0,0,0.0,0,JAKARTA PUSAT,0.0,2020,9
3173,2020-09-22,BANJIR,UNKNOWN,KOTA JAKARTA BARAT,DKI JAKARTA,"• CURAH HUJAN TINGGI, LUAPAN KALI ANGKE, KALI SEKRETARIS, KALI CILIWUNG",0.0,0.0,0.0,0,0.0,0,JAKARTA BARAT,0.0,2020,9
3175,2020-09-22,BANJIR,UNKNOWN,KOTA JAKARTA TIMUR,DKI JAKARTA,"• CURAH HUJAN TINGGI, LUAPAN KALI ANGKE, KALI SEKRETARIS, KALI CILIWUNG",0.0,0.0,0.0,0,0.0,0,JAKARTA TIMUR,0.0,2020,9
3172,2020-09-22,BANJIR,UNKNOWN,KOTA JAKARTA UTARA,DKI JAKARTA,"• CURAH HUJAN TINGGI, LUAPAN KALI ANGKE, KALI SEKRETARIS, KALI CILIWUNG",0.0,0.0,0.0,0,0.0,0,JAKARTA UTARA,0.0,2020,9
3174,2020-09-22,BANJIR,UNKNOWN,KOTA JAKARTA SELATAN,DKI JAKARTA,"• CURAH HUJAN TINGGI, LUAPAN KALI ANGKE, KALI SEKRETARIS, KALI CILIWUNG",0.0,0.0,0.0,0,0.0,0,JAKARTA SELATAN,0.0,2020,9
3174,2020-10-04,BANJIR,"KEC. KEBAYORAN LAMA KEL. KEBAYORAN LAMA SELATAN KEL. GROGOL SELATAN KEC. CILANDAK KEL. CIPETE SELATAN, KEC. KEBAYORAN BARU  KEL. PETOGOGAN KEC. MAMPANG PRAPATAN KEL. PELA MAMPANG,  KEC. KEBAYORAN BARU KEL. CIPETE UTARA, KEL. GUNUNG  KEL.  PETOGOGAN KEC. PASAR MINGGU KEL. PEJATEN BARAT,  KEC. TEBET KEL. KEBON BARU KEC. PANCORAN KEL. KALIBATA, KEC. JAGAKARSA  KEL. JAGAKARSA",KOTA JAKARTA SELATAN,DKI JAKARTA,• AKIBAT HUJAN DENGAN INTENSITAS TINGGI YANG TERJADI CUKUP LAMA SEHINGGA MENYEBABKAN BANJIR GENANGAN DI BEBERAPA WILAYAH DI PROV. DKI JAKARTA,0.0,0.0,0.0,0,0.0,0,JAKARTA SELATAN,0.0,2020,10
3175,2020-10-04,BANJIR,KOTA JAKARTA TIMUR KEC. CIRACAS KEL. RAMBUTAN KOTA JAKARTA BARAT KEC. KEBON JERUK KEL. SUKABUMI SELATAN KEL. KEDOYA UTARA KEL. SUKABUMI UTARA,KOTA JAKARTA TIMUR,DKI JAKARTA,• AKIBAT HUJAN DENGAN INTENSITAS TINGGI YANG TERJADI CUKUP LAMA SEHINGGA MENYEBABKAN BANJIR GENANGAN DI BEBERAPA WILAYAH DI PROV. DKI JAKARTA,0.0,0.0,0.0,0,0.0,0,JAKARTA TIMUR,0.0,2020,10
3174,2020-10-10,BANJIR,KEC. JAGAKARSA  (1 KELURAHAN) KEC. MAMPANG PRAPATAN  (1 KELURAHAN) KEC. CILANDAK (2 KELURAHAN) KEC. PESANGGRAHAN  (2 KELURAHAN) KEC. PASAR MINGGU  (3 KELURAHAN) KEC. KEBAYORAN LAMA  (2 KELURAHAN),KOTA JAKARTA SELATAN,DKI JAKARTA,•AKIBAT HUJAN DENGAN INTENSITAS TINGGI DI WILAYAH HULU DAN WILAYAH DKI JAKARTA,1.0,0.0,2.0,0,325.0,0,JAKARTA SELATAN,345.0,2020,10
3173,2020-10-10,BANJIR,KEC. KEBON JERUK  (3 KELURAHAN) KEC. CENGKARENG  (2 KELURAHAN) KEC. KALIDERES (1 KELURAHAN),KOTA JAKARTA BARAT,DKI JAKARTA,•AKIBAT HUJAN DENGAN INTENSITAS TINGGI DI WILAYAH HULU DAN WILAYAH DKI JAKARTA,0.0,0.0,0.0,0,0.0,0,JAKARTA BARAT,0.0,2020,10
3175,2020-10-10,BANJIR,KEC. PASAR REBO  (2 KELURAHAN)  KEC. CIRACAS  (3 KELURAHAN) KEC. CIPAYUNG  KEL. BAMBU APUS  (2 KELURAHAN) KEC. KRAMAT JATI  (1 KELURAHAN) KEC. MAKASAR  (2 KELURAHAN) KEC. JATINEGARA (1 KELURAHAN),KOTA JAKARTA TIMUR,DKI JAKARTA,•AKIBAT HUJAN DENGAN INTENSITAS TINGGI DI WILAYAH HULU DAN WILAYAH DKI JAKARTA,0.0,0.0,0.0,0,0.0,0,JAKARTA TIMUR,0.0,2020,10
3175,2020-10-25,BANJIR,KEC. KRAMAT JATI KEL. BALEKAMBANG KEL. CAWANG KEL. CILILITAN KEC. JATINEGARA KEL. BIDARA CINA KEL. KAMPUNG MELAYU KEC. CIRACAS KEL. SUSUKAN  KOTA JAKARTA BARAT  KEC. KEBON JERUK  KEL. KEDOYA SELATAN  KEC. KEMBANGAN  KEL. KEMBANGAN SELATAN,KOTA JAKARTA TIMUR,DKI JAKARTA,"•HUJAN DERAS PADA SORE HINGGA MALAM HARI, MENYEBABKAN MELUAPNYA SUNGAI CILIWUNG DAN SUNGAI PESANGGRAHAN",0.0,0.0,0.0,0,0.0,0,JAKARTA TIMUR,0.0,2020,10
3174,2020-10-25,BANJIR,KEC. PASAR MINGGU KEL. PEJATEN TIMUR KEC. PANCORAN KEL. RAWAJATI KEL. PENGADEGAN KEC. TEBET KEL. KEBON BARU KEL. MANGGARAI KEC. PESANGGRAHAN KEL. BINTARO KEC. KEBAYORAN LAMA KEL. PONDOK PINANG KEL. CIPULIR,KOTA JAKARTA SELATAN,DKI JAKARTA,"•HUJAN DERAS PADA SORE HINGGA MALAM HARI, MENYEBABKAN MELUAPNYA SUNGAI CILIWUNG DAN SUNGAI PESANGGRAHAN",0.0,0.0,0.0,0,808.0,0,JAKARTA SELATAN,808.0,2020,10
3172,2020-11-01,BANJIR,KEC. CILINCING  KEL. ROROTAN,KOTA JAKARTA UTARA,DKI JAKARTA,"• AKIBAT CURAH HUJAN TINGGI DAN LUAPAN SUNGAI CILIWUNG, KALI KRUKUT SERTA PHB MALAKA",0.0,0.0,0.0,0,0.0,0,JAKARTA UTARA,0.0,2020,11
3175,2020-11-01,BANJIR,KEC. DUREN SAWIT KEL. DUREN SAWIT KEL. PONDOK BAMBU KEC. CIRACAS KEL. SUSUKAN KEC. JATINEGARA  KEL. KAMPUNG MELAYU,KOTA JAKARTA TIMUR,DKI JAKARTA,"• AKIBAT CURAH HUJAN TINGGI DAN LUAPAN SUNGAI CILIWUNG, KALI KRUKUT SERTA PHB MALAKA",0.0,0.0,0.0,0,0.0,0,JAKARTA TIMUR,0.0,2020,11
3174,2020-11-01,BANJIR,KEC. PASAR MINGGU KEL. JATI PADANG  KEL. CILANDAK TIMUR,KOTA JAKARTA SELATAN,DKI JAKARTA,"• AKIBAT CURAH HUJAN TINGGI DAN LUAPAN SUNGAI CILIWUNG, KALI KRUKUT SERTA PHB MALAKA",0.0,0.0,0.0,0,0.0,0,JAKARTA SELATAN,0.0,2020,11
3174,2020-12-06,BANJIR,KEC. PASAR MINGGU KEL. PEJATEN TIMUR,KOTA JAKARTA SELATAN,DKI JAKARTA,AKIBAT HUJAN DENGAN INTENSITAS TINGGI DAN MELUAPNYA KALI CILIWUNG,0.0,0.0,0.0,0,0.0,0,JAKARTA SELATAN,0.0,2020,12
3175,2020-12-06,BANJIR,KEC. PASAR REBO KEL. GEDONG KEC. JATINEGARA KEL. KAMPUNG MELAYU KEL. BIDARA CINA KEC. KRAMAT JATI KEL. CILILITAN  KEL. CAWANG,KOTA JAKARTA TIMUR,DKI JAKARTA,AKIBAT HUJAN DENGAN INTENSITAS TINGGI DAN MELUAPNYA KALI CILIWUNG,0.0,0.0,0.0,0,0.0,0,JAKARTA TIMUR,0.0,2020,12
3175,2021-01-24,BANJIR,KEC. DUREN SAWIT KEL. MALAKA SARI KEL. PONDOK KELAPA,KOTA JAKARTA TIMUR,DKI JAKARTA,• AKIBAT HUJAN DENGAN INTENSITAS RINGAN – SEDANG,0.0,0.0,0.0,0,0.0,0,JAKARTA TIMUR,0.0,2021,1
3172,2021-02-03,BANJIR,"KEC. PENJARINGAN, CILINCING, TANJUNG PRIOK, KELAPA GADING",KOTA JAKARTA UTARA,DKI JAKARTA,UNKNOWN,0.0,0.0,0.0,0,0.0,0,JAKARTA UTARA,0.0,2021,2
3173,2021-02-07,BANJIR,"KEC. KEBON JERUK, KEMBANGAN, CENGKARENG, PALMERAH",KOTA JAKARTA BARAT,DKI JAKARTA,UNKNOWN,0.0,0.0,0.0,0,0.0,0,JAKARTA BARAT,0.0,2021,2
3175,2021-02-07,BANJIR,KEC. KRAMAT JATI KEL. CAWANG KEL. BALEKAMBANG KEL. CILILITAN KEC. JATINEGARA KEL. BIDARA CINA KEL. KAMPUNG MELAYU KEL. CIPINANG MUARA KEC. MATRAMAN KEL. KEBON MANGGIS KEC. MAKASAR KEL. CIPINANG MELAYU,KOTA JAKARTA TIMUR,DKI JAKARTA,• AKIBAT HUJAN DENGAN INTENSITAS TINGGI,0.0,0.0,0.0,0,0.0,0,JAKARTA TIMUR,0.0,2021,2
3174,2021-02-07,BANJIR,KEC. PASAR MINGGU KEL. PEJATEN TIMUR KEL. CILANDAK TIMUR KEL. PANCORAN KEL. RAWAJATI KEL. PANGADEGAN KEC. KEBAYORAN LAMA KEL. GROGOL UTARA KEL. CIPULIR KEL. PONDOK PINANG KEC. TEBET KEL. KEBON BARU KEL. MANGGARAI KEC. JAGAKARSA KEL. LENTENG AGUNG KEC. PESANGGRAHAN KEL. BINTARO,KOTA JAKARTA SELATAN,DKI JAKARTA,• AKIBAT HUJAN DENGAN INTENSITAS TINGGI,0.0,0.0,0.0,0,0.0,0,JAKARTA SELATAN,0.0,2021,2
3174,2021-02-08,BANJIR,"KEC. KEBAYORAN LAMA, PANCORAN, TEBET, JAGAKARSA, PESANGGRAHAN",KOTA JAKARTA SELATAN,DKI JAKARTA,UNKNOWN,0.0,0.0,0.0,0,0.0,0,JAKARTA SELATAN,0.0,2021,2
3175,2021-02-08,BANJIR,"KEC. KRAMAT JATI, JATINEGARA, MATRAMAN",KOTA JAKARTA TIMUR,DKI JAKARTA,UNKNOWN,0.0,0.0,0.0,0,0.0,0,JAKARTA TIMUR,0.0,2021,2
3173,2021-02-16,BANJIR,"KEC. KEBON JERUK, KEMBANGAN, CENGKARENG, KALI DERES",KOTA JAKARTA BARAT,DKI JAKARTA,UNKNOWN,0.0,0.0,0.0,0,0.0,0,JAKARTA BARAT,0.0,2021,2
3173,2021-02-17,BANJIR,KEC. CENGKARENG KEL. TEGAL ALUR,KOTA JAKARTA BARAT,DKI JAKARTA,HUJAN DENGAN INTENSITAS TINGGI,0.0,0.0,0.0,0,14.0,0,JAKARTA BARAT,14.0,2021,2
3174,2021-02-18,BANJIR,"KEC. SETIABUDI, PANCORAN, TEBET, MAMPANG PRAPATAN, KEBAYORAN BARU",KOTA JAKARTA SELATAN,DKI JAKARTA,UNKNOWN,0.0,0.0,0.0,0,0.0,0,JAKARTA SELATAN,0.0,2021,2
3175,2021-02-19,BANJIR,"KEC. CAKUNG, KRAMAT JATI, JATINEGARA, MATRAMAN, DUREN SAWIT, CIPAYUNG",KOTA JAKARTA TIMUR,DKI JAKARTA,UNKNOWN,0.0,0.0,0.0,0,0.0,0,JAKARTA TIMUR,0.0,2021,2
3174,2021-02-19,BANJIR,"KEC. KEBAYORAN LAMA, PASAR MINGGU, PANCORAN, TEBET, MAMPANG PRAPATAN, KEBAYORAN BARU",KOTA JAKARTA SELATAN,DKI JAKARTA,UNKNOWN,0.0,0.0,0.0,0,0.0,0,JAKARTA SELATAN,0.0,2021,2
3175,2021-02-19,BANJIR,KEC. MAKASAR KEL. CIPINANG MELAYU,KOTA JAKARTA TIMUR,DKI JAKARTA,HUJAN DENGAN INTENSITAS TINGGI,0.0,0.0,0.0,0,0.0,0,JAKARTA TIMUR,0.0,2021,2
3173,2021-02-20,BANJIR,KEC. KEMBANGAN KEL. KEMBANGAN UTARA,KOTA JAKARTA BARAT,DKI JAKARTA,"• AKIBAT CURAH HUJAN DENGAN INSENSITAS TINGGI MENYEBABKAN LUAPAN KALI KRUKUT, KALI CILIWUNG, KALI PESANGGRAHAN",3.0,0.0,0.0,0,0.0,0,JAKARTA BARAT,30.0,2021,2
3175,2021-02-20,BANJIR,"KEC. KRAMAT JATI, JATINEGARA, MATRAMAN, DUREN SAWIT, PASAR REBO, CIPAYUNG, CIRACAS",KOTA JAKARTA TIMUR,DKI JAKARTA,UNKNOWN,0.0,0.0,0.0,0,0.0,0,JAKARTA TIMUR,0.0,2021,2
3175,2021-02-20,BANJIR,KEC. MAKASAR KEL. CIPINANG MELAYU KEL. MAKASAR KEL. KEBON PALA KEC. DUREN SAWIT KEL. PONDOK BAMBU KEL. MALAKA SARI KEC. JATINEGARA KEL. CIPINANG MUARA KEL. KAMPUNG MELAYU KEC. KRAMAT JATI KEL. CILILITAN KEC. CIPAYUNG KEL. LUBANG BUAYA,KOTA JAKARTA TIMUR,DKI JAKARTA,"• AKIBAT CURAH HUJAN DENGAN INSENSITAS TINGGI MENYEBABKAN LUAPAN PHB SULAIMAN, KALI SUNTER, KALI CILIWUNG, KALI CIPINANG",0.0,0.0,0.0,0,0.0,0,JAKARTA TIMUR,0.0,2021,2
3174,2021-02-20,BANJIR,KEC. PANCORAN KEL. DUREN TIGA KEL. RAWAJATI KEC. TEBET KEL. MANGGARAI KEL. KEBON BARU KEL. TEBET BARAT KEC. KEBAYORAN LAMA KEL. PONDOK PINANG KEC. PASAR MINGGU KEL. JATI PADANG KEL. CILANDAK TIMUR KEC. PESANGGRAHAN KEL. BINTARO KEC. CILANDAK KEL. GANDARIA SELATAN KEL. CIPETE SELATAN KEL. CIPETE BARAT,KOTA JAKARTA SELATAN,DKI JAKARTA,"• AKIBAT CURAH HUJAN DENGAN INSENSITAS TINGGI MENYEBABKAN LUAPAN KALI KRUKUT, KALI CILIWUNG, KALI PESANGGRAHAN",2.0,1.0,0.0,0,0.0,0,JAKARTA SELATAN,28.0,2021,2
3175,2021-04-28,BANJIR,"KEC. MAKASAR, JATINEGARA, CIPAYUNG, CIRACAS",KOTA JAKARTA TIMUR,DKI JAKARTA,UNKNOWN,0.0,0.0,0.0,0,0.0,0,JAKARTA TIMUR,0.0,2021,4
3175,2021-05-17,BANJIR,"KEC. KRAMAT JATI, JATINEGARA",KOTA JAKARTA TIMUR,DKI JAKARTA,HUJAN DENGAN INTENSITAS CUKUP TINGGI,0.0,0.0,0.0,0,342.0,0,JAKARTA TIMUR,342.0,2021,5
3173,2021-05-18,BANJIR,"KEC. KEMBANGAN, KEBON JERUK, CENGKARENG",KOTA JAKARTA BARAT,DKI JAKARTA,UNKNOWN,0.0,0.0,0.0,0,0.0,0,JAKARTA BARAT,0.0,2021,5
3174,2021-05-21,BANJIR,"KEC. MAMPANG PRAPATAN, CILANDAK, KEBAYORAN LAMA, PESANGGRAHAN, PASAR MINGGU",KOTA JAKARTA SELATAN,DKI JAKARTA,UNKNOWN,0.0,0.0,0.0,0,0.0,0,JAKARTA SELATAN,0.0,2021,5
3175,2021-06-23,BANJIR,KEC. KRAMAT JATI KEL. CAWANG KEL. CILILITAN KEC. JATINEGARA KEL. KAMPUNG MELAYU,KOTA JAKARTA TIMUR,DKI JAKARTA,• AKIBAT LUAPAN SUNGAI CILIWUNG,0.0,0.0,0.0,0,0.0,0,JAKARTA TIMUR,0.0,2021,6
3174,2021-08-05,BANJIR,"KEC. PASAR MINGGU, JAGAKARSA",KOTA JAKARTA SELATAN,DKI JAKARTA,UNKNOWN,0.0,0.0,0.0,0,0.0,0,JAKARTA SELATAN,0.0,2021,8
3175,2021-11-01,BANJIR,"●KOTA JAKARTA TIMUR -KEC. CIRACAS, KEL. KAMPUNG RAMBUTAN -KEC. CIPAYUNG, KEL. LUBANG BUAYA -KEC. MAKASSAR, KEL. CIPINANG MELAYU -KEC. JATINEGARA, KEL. CIPINANG MUARA, KEL. KAMPUNG MELAYU",KOTA JAKARTA TIMUR,DKI JAKARTA,"TELAH TERJADI BANJIR DI BEBERAPA DAERAH DKI JAKARTA DIPICU OLEH HUJAN DERAS PADA SENIN, 01 NOVEMBER 2021 SEHINGGA MENGAKIBATKAN MELUAPNYA KALI CILIWUNG, KALI SUNTER, KALI CIPINANG, KALI PESANGGRAHAN",0.0,0.0,0.0,0,942.0,0,JAKARTA TIMUR,942.0,2021,11
3174,2021-11-07,BANJIR,"KEC. JAGAKARSA, PANCORAN, PASAR MINGGU, MAMPANG PRAPATAN, CILANDAK, KEBAYORAN BARU, KEBAYORAN LAMA, PESANGGRAHAN",KOTA JAKARTA SELATAN,DKI JAKARTA,UNKNOWN,0.0,0.0,0.0,0,0.0,0,JAKARTA SELATAN,0.0,2021,11
3175,2021-11-07,BANJIR,"KEC. JATINEGARA, KRAMAT JATI",KOTA JAKARTA TIMUR,DKI JAKARTA,UNKNOWN,0.0,0.0,0.0,0,0.0,0,JAKARTA TIMUR,0.0,2021,11
3175,2021-11-08,BANJIR,KEC. KRAMAT JATI KEL. CAWANG KEC. JATINEGARA KEL. KAMPUNG MELAYU,KOTA JAKARTA TIMUR,DKI JAKARTA,●DIPICU OLEH HUJAN DENGAN INTENSITAS TINGGI DAN DRAINASE YANG TIDAK DAPAT MENAMPUNG DEBIT AIR DAN,0.0,0.0,0.0,0,218.0,0,JAKARTA TIMUR,218.0,2021,11
3174,2021-11-12,BANJIR,KEC. PANCORAN KEL. KALIBATA KEL. DUREN TIGA KEC. MAMPANG PRAPATAN KEL. BANGKA KEL. TEGAL PARANG KEL. PELA MAMPANG KEL. KUNINGAN BARAT KEC. PASAR MINGGU KEL. JATI PADANG KOTA JAKARTA TIMUR,KOTA JAKARTA SELATAN,DKI JAKARTA,●DIPICU HUJAN DENGAN INTENSITAS TINGGI,0.0,0.0,0.0,0,0.0,0,JAKARTA SELATAN,0.0,2021,11
3174,2021-12-20,BANJIR,"KEC. CILANDAK, MAMPANG PRAPATAN, KEBAYORAN BARU",KOTA JAKARTA SELATAN,DKI JAKARTA,UNKNOWN,0.0,0.0,0.0,0,0.0,0,JAKARTA SELATAN,0.0,2021,12
3173,2021-12-20,BANJIR,KEC. KEMBANGAN KEL. JOGLO  KOTA JAKARTA SELATAN KEC. KEBAYORAN BARU KEL PETOGOGAN KEC. MAMPANG PRAPATAN KEL. BANGKA KEL. KUNINGAN BARAT KEL. PELA MAMPANG KEC. CILANDAK KEL. GANDARIA SELATAN,KOTA JAKARTA BARAT,DKI JAKARTA,● DIPICU HUJAN DENGAN INTENSITAS TINGGI,0.0,0.0,0.0,0,0.0,0,JAKARTA BARAT,0.0,2021,12
3175,2022-02-17,BANJIR,KEC. JATINEGARA KEL. BIDARA CINA KEL. KAMPUNG MELAYU KEC. KRAMAT JATI KEL. CILILITAN KEC. CAWANG,KOTA JAKARTA TIMUR,DKI JAKARTA,DIPICU OLEH INTENSITAS HUJAN YANG CUKUP TINGGI,0.0,0.0,0.0,0,0.0,0,JAKARTA TIMUR,0.0,2022,2
3174,2022-02-17,BANJIR,KEC. PANCORAN KEL. RAWAJATI KEC. KEBAYORAN LAMA KEL. PONDOK PINANG KEL. CIPULIR,KOTA JAKARTA SELATAN,DKI JAKARTA,DIPICU OLEH INTENSITAS HUJAN YANG CUKUP TINGGI,0.0,0.0,0.0,0,0.0,0,JAKARTA SELATAN,0.0,2022,2
3174,2022-03-17,BANJIR,KEC. KEBAYORAN BARU KEL. PETOGOGAN KEC. MAMPANG PRAPATAN KEL. PELA MAMPANG KEC. PESANGGRAHAN KEL. ULUJAMI,KOTA JAKARTA SELATAN,DKI JAKARTA,UNKNOWN,0.0,0.0,0.0,0,0.0,0,JAKARTA SELATAN,0.0,2022,3
3173,2022-03-17,BANJIR,KEC. KEMBANGAN  KEL. JOGLO KEL. KEMBANGAN UTARA,KOTA JAKARTA BARAT,DKI JAKARTA,●CURAH HUJAN TINGGI,0.0,0.0,0.0,0,29.0,0,JAKARTA BARAT,29.0,2022,3
3173,2022-04-05,BANJIR,KEC. KEBON JERUK KEL. DURI KOSAMBI,KOTA JAKARTA BARAT,DKI JAKARTA,●DIPICU AKIBAT HUJAN DENGAN INTENSITAS SEDANG HINGGA LEBAT DISERTAI ANGIN KENCANG YANG TERJADI DI WILAYAH DKI JAKARTA DAN MENYEBABKAN LUAPAN SUNGAI DAN MENGGENANGI RUMAH WARGA,0.0,0.0,0.0,0,20.0,0,JAKARTA BARAT,20.0,2022,4
3175,2022-04-05,BANJIR,KEC. MAKASAR KEL CIPINANG MELAYU KEC. JATINEGARA KEL. CIPINANG MUARA,KOTA JAKARTA TIMUR,DKI JAKARTA,●DIPICU AKIBAT HUJAN DENGAN INTENSITAS SEDANG HINGGA LEBAT DISERTAI ANGIN KENCANG YANG TERJADI DI WILAYAH DKI JAKARTA DAN MENYEBABKAN LUAPAN SUNGAI DAN MENGGENANGI RUMAH WARGA,0.0,0.0,0.0,0,0.0,0,JAKARTA TIMUR,0.0,2022,4
3173,2022-07-15,BANJIR,KOTA JAKARTA BARAT KEC. KEBON JERUK KEL. KEDOYA SELATAN KEC. CENGKARENG KEL. RAWA BUAYA KEL. DURI KOSAMBI KEC. KEMBANGAN KEL. JOGLO KEL. KEMBANGAN UTARA KEL. KEMBANGAN SELATAN KEC. KALIDERES KEL. KAMAL,KOTA JAKARTA BARAT,DKI JAKARTA,●DIPICU OLEH INTENSITAS CURAH HUJAN YANG CUKUP TINGGI DI WILAYAH DKI MENYEBABKAN KALI CILIWUNG MELUAP,0.0,0.0,0.0,0,0.0,0,JAKARTA BARAT,0.0,2022,7
3174,2022-07-15,BANJIR,KOTA JAKARTA SELATAN KEC. CILANDAK KEL. PONDOK LABU KEL. PONDOK PINANG KEL. KEBAYORAN LAMA UTARA KEC. KEBAYORAN BARU KEL. PETOGOGAN KEL. CIPETE UTARA KEC. JAGAKARSA KEL. TANJUNG BARAT KEC. MAMPANG PRAPATAN KEL. BANGKA KEC. PASAR MINGGU KEL. CILANDAK TIMUR KEC. PANCORAN KEL. RAWAJATI KEC. TEBET KEL. MANGGARAI KEC. PESANGGARAHAN KEL. PESANGGARAHAN KEL. BINTARO,KOTA JAKARTA SELATAN,DKI JAKARTA,●DIPICU OLEH INTENSITAS CURAH HUJAN YANG CUKUP TINGGI DI WILAYAH DKI MENYEBABKAN KALI CILIWUNG MELUAP,0.0,0.0,0.0,0,111.0,0,JAKARTA SELATAN,111.0,2022,7
3175,2022-07-15,BANJIR,KOTA JAKARTA TIMUR KEC. KRAMAT JATI KEL. CILILITAN KEL. CAWANG KEL. BALEKAMBANG KEC. JATINEGARA KEL. BIDARA CINA KEL. KAMPUNG MELAYU,KOTA JAKARTA TIMUR,DKI JAKARTA,●DIPICU OLEH INTENSITAS CURAH HUJAN YANG CUKUP TINGGI DI WILAYAH DKI MENYEBABKAN KALI CILIWUNG MELUAP,0.0,0.0,0.0,0,0.0,0,JAKARTA TIMUR,0.0,2022,7
3172,2022-07-15,BANJIR,KOTA JAKARTA UTARA KEC. PENJARINGAN KEL. KAPUK MUARA,KOTA JAKARTA UTARA,DKI JAKARTA,●DIPICU OLEH INTENSITAS CURAH HUJAN YANG CUKUP TINGGI DI WILAYAH DKI MENYEBABKAN KALI CILIWUNG MELUAP,0.0,0.0,0.0,0,0.0,0,JAKARTA UTARA,0.0,2022,7
3175,2022-08-16,BANJIR,KEC. KRAMAT JATI  KEL. CILILITAN,KOTA JAKARTA TIMUR,DKI JAKARTA,●DIPICU HUJAN DENGAN INTENSITAS TINGGI DAN MELUAPNYA KALI KRUKUT,0.0,0.0,0.0,0,0.0,0,JAKARTA TIMUR,0.0,2022,8
3174,2022-08-16,BANJIR,KEC. PASAR MINGGU KEL. CILANDAK TIMUR  KEC. CILANDAK  KEL. PONDOK BARU,KOTA JAKARTA SELATAN,DKI JAKARTA,●DIPICU HUJAN DENGAN INTENSITAS TINGGI DAN MELUAPNYA KALI KRUKUT,0.0,0.0,0.0,0,110.0,0,JAKARTA SELATAN,110.0,2022,8
3174,2022-10-04,BANJIR,KEL. PETOGOGAN KEL. PELA MAMPANG KEL. BANGKA KEL. PEJATEN BARAT KEL. PONDOK PINANG KEL. KALIBATA KEL. MAMPANG PRAPATAN KEC. CILANDAK KEL. CIPETE UTARA KEL. CIPETE SELATAN KEL. GANDARIA SELATAN KOTA JAKARTA BARAT KEL. KEBON JERUK KEL. KEMBANGAN SELATAN KOTA JAKARTA TIMUR KEL. KEBON PALA KEC. DUREN SAWIT KEL. DUREN SAWIT KEC. MAKASAR KEL. PINANG RANTI KEL. MAKASAR KEC. JATINEGARA KEL. CIPINANG MELAYU KEL. CIPINANG MUARA,KOTA JAKARTA SELATAN,DKI JAKARTA,"●DIPICU HUJAN DENGAN INTENSITAS SEDANG HINGGA DERAS YANG BERANGSUR LAMA PADA HARI SELASA, 04 OKTOBER 2022, PKL. 16.00 WIB SEHINGGA MENGAKIBATKAN TERJADI LUAPAN PADA KALI KRUKUT, KALI MAMPANG, KALI PESANGGRAHAN, KALI SARUA, KALI CIPINANG DAN KALI SUNTER SEHINGGA MENYEBABKAN BANJIR DI BEBERAPA TITIK",0.0,0.0,0.0,0,0.0,0,JAKARTA SELATAN,0.0,2022,10
3174,2022-10-06,BANJIR,KEC. JAGAKARSA KEL. SRENGSENG SAWAH KEL. TANJUNG BARAT KEL. LENTENG AGUNG KEC. PASAR MINGGU KEL. PEJATEN TIMUR KEC. PANCORAN KEL. PENGADEGAN KEL. RAWAJATI KEC. TEBET KEL. KEBON BARU KEL. MANGGARAI KOTA JAKARTA BARAT KOTA JAKARTA PUSAT KOTA JAKARTA TIMUR KEC. KRAMATAJATI KEL. CILILITAN KEL. CAWANG KEC. JATINEGARA KEL. BIDARA CINA KEL. KP. MELAYU,KOTA JAKARTA SELATAN,DKI JAKARTA,"●DIPICU HUJAN DENGAN INTENSITAS TINGGI MENGAKIBATKAN TERJADI BANJIR PADA HARI KAMIS, 06 OKTOBER 2022 PUKUL. 14.00 WIB",3.0,0.0,4.0,0,0.0,1,JAKARTA SELATAN,53.0,2022,10
3175,2022-10-19,BANJIR,KEC. KRAMAT JATI KEL. TANGAH  KEL. DUKUH  KEL. BALEKAMBANG  KEL. CILILITAN  KEL. CAWANG  KEC. CIRACAS  KEL. RAMBUTAN  KOTA JAKARTA SELATAN  KEC. PASAR MINGGU  KEL. JATI PADANG  KEL. PEJATEN TIMUR KEC. PANCORAN  KEL. RAWAJATI,KOTA JAKARTA TIMUR,DKI JAKARTA,●DIPICU HUJAN DENGAN INTESITAS TINGGI,0.0,0.0,0.0,0,263.0,0,JAKARTA TIMUR,263.0,2022,10
3174,2022-11-13,BANJIR,KEC. JAGAKARSA KEL. TANJUNG BARAT KEC. PASAR MINGGU KEL. PEJATEN TIMUR,KOTA JAKARTA SELATAN,DKI JAKARTA,● DIPICU HUJAN INTENSITAS TINGGI MENGAKIBATKAN MELUAPNYA SUNGAI CIBEET,0.0,0.0,0.0,0,0.0,0,JAKARTA SELATAN,0.0,2022,11
3175,2022-11-13,BANJIR,KEC. JATINEGARA KEL. KAMPUNG MELAYU KEL. BIDARA CINA KEC. KRAMATJATI KEL. BALEKAMBANG KEL. CAWANG KEL. RAWAJATI,KOTA JAKARTA TIMUR,DKI JAKARTA,● DIPICU HUJAN INTENSITAS TINGGI MENGAKIBATKAN MELUAPNYA SUNGAI CIBEET,0.0,0.0,0.0,0,41.0,0,JAKARTA TIMUR,41.0,2022,11
3172,2022-11-13,BANJIR,KOTA JAKARTA UTARA KEC. KOJA KEL. KOJA,KOTA JAKARTA UTARA,DKI JAKARTA,● DIPICU HUJAN INTENSITAS TINGGI MENGAKIBATKAN MELUAPNYA SUNGAI CIBEET,0.0,0.0,0.0,0,0.0,0,JAKARTA UTARA,0.0,2022,11
3174,2022-12-03,BANJIR,KEC. JAGAKARSA KEL. JAGAKARSA KEC. PASAR MINGGU KEL. KEBAGUSAN KEL. CILANDAK TIMUR KEC. CILANDAK KEL. PONDOK LABU,KOTA JAKARTA SELATAN,DKI JAKARTA,●DIPICU AKIBAT HUJAN DENGAN INTENSITAS SEDANG HINGGA LEBAT,0.0,0.0,0.0,0,399.0,0,JAKARTA SELATAN,399.0,2022,12
3174,2022-12-16,BANJIR,KEC. PASAR MINGGU KEL. CILANDAK KEC. MAMPANG PRAPATAN KEL. KUNINGAN BARAT KEC. KEBAYORAN BARU KEL. CIPETE UTARA,KOTA JAKARTA SELATAN,DKI JAKARTA,●DIPICU AKIBAT HUJAN DENGAN INTENSITAS LEBAT DISERTAI ANGIN KENCANG YANG TERJADI DI WILAYAH JAKARTA SELATAN DAN MELUAPNYA KALI KRUKUT DAN MENGGENANGI RUMAH WARGA,0.0,0.0,0.0,1,373.0,0,JAKARTA SELATAN,375.0,2022,12
3172,2023-01-01,BANJIR,UNKNOWN,KOTA ADM. JAKARTA UTARA,DKI JAKARTA,UNKNOWN,0.0,0.0,0.0,0,0.0,0,KOTA ADM. JAKARTA UTARA,0.0,2023,1
3173,2023-02-27,BANJIR,UNKNOWN,KOTA ADM. JAKARTA BARAT,DKI JAKARTA,UNKNOWN,0.0,0.0,0.0,0,0.0,0,KOTA ADM. JAKARTA BARAT,0.0,2023,2
3175,2023-02-27,BANJIR,UNKNOWN,KOTA ADM. JAKARTA TIMUR,DKI JAKARTA,UNKNOWN,0.0,0.0,0.0,0,0.0,0,KOTA ADM. JAKARTA TIMUR,0.0,2023,2
3173,2023-03-02,BANJIR,KEC. KALIDERES KEL. TEGAL ALUR,KOTA ADM. JAKARTA BARAT,DKI JAKARTA,●DIPICU OLEH INTENSITAS CURAH HUJAN YANG CUKUP TINGGI,0.0,0.0,0.0,0,11.0,0,KOTA ADM. JAKARTA BARAT,11.0,2023,3
3174,2023-03-15,BANJIR,UNKNOWN,KOTA ADM. JAKARTA SELATAN,DKI JAKARTA,UNKNOWN,0.0,0.0,0.0,30,0.0,0,KOTA ADM. JAKARTA SELATAN,60.0,2023,3
3175,2023-05-07,BANJIR,UNKNOWN,KOTA ADM. JAKARTA TIMUR,DKI JAKARTA,UNKNOWN,0.0,0.0,0.0,0,0.0,0,KOTA ADM. JAKARTA TIMUR,0.0,2023,5
3174,2023-11-30,BANJIR,KEC.  PANCORAN KEL. RAWA JATI KEC. PASAR MINGGU KEL. PEJATEN TIMUR KEC. KEBAYORAN LAMA KEL. PONDOK PINANG KEC. JAGAKARSA KEL. TANJUNG BARAT KEL. LENTENG AGUNG,KOTA ADM. JAKARTA SELATAN,DKI JAKARTA,●AKIBAT CURAH HUJAN YANG TINGGI DAN MELUAPNYA DEBIT KALI CILIWUNG,0.0,0.0,0.0,0,371.0,0,KOTA ADM. JAKARTA SELATAN,371.0,2023,11
3175,2023-11-30,BANJIR,KEC. JATINEGARA KEL. BIDARA CINA KEL. KAMPUNG MELAYU KEC. KRAMATJATI KEL. BALE KAMBANG KEL. CAWANG KEL. CILILITAN,KOTA ADM. JAKARTA TIMUR,DKI JAKARTA,●AKIBAT CURAH HUJAN YANG TINGGI DAN MELUAPNYA DEBIT KALI CILIWUNG,0.0,0.0,0.0,0,0.0,0,KOTA ADM. JAKARTA TIMUR,0.0,2023,11
3174,2024-01-05,BANJIR,KEC. CILANDAK  KEL. CILANDAK BARAT  KEL. LEBAK BULUS  KEC. MAMPANG PRAPATAN KEL. KUNINGAN BARAT KEC. PASAR MINGGU  KEL. CILANDAK TIMUR,KOTA ADM. JAKARTA SELATAN,DKI JAKARTA,●DIPICU HUJAN DENGAN INTENSITAS TINGGI,0.0,0.0,0.0,0,314.0,0,KOTA ADM. JAKARTA SELATAN,314.0,2024,1
3173,2024-01-07,BANJIR,KEC. CENGKARENG  KEL. KEDAUNG KALI ANGKE KEL. RAWA BUAYA KEC. KEBON JERUK KEL. KEDOYA SELATAN KEL. SUKABUMI SELATAN KEC. KEMBANGAN KEL. JOGLO KEL. KEMBANGAN SELARAN KEL. KEMBANGAN UTARA,KOTA ADM. JAKARTA BARAT,DKI JAKARTA,●INTENSITAS HUJAN YANG TINGGI DAN MENYEBABKAN LUAPAN SUNGAI/KALI DAN MENGGENANGI PEMUKIMAN WARGA,0.0,0.0,0.0,0,364.0,0,KOTA ADM. JAKARTA BARAT,364.0,2024,1
3174,2024-01-07,BANJIR,KEC. CILANDAK KEL. LEBAK BULUS KEC. KEBAYORAN BARU KEL. KRAMAT PELA KEC. KEMAYORAN LAMA KEL. CIPULIR KEL. KEBAYORAN LAMA UTARA KEL. PONDOK PINANG KEC. PASAR MINGGU KEL. CILANDAK TIMUR KEC. PESANGGRAHAN KEL. PESANGGRAHAN,KOTA ADM. JAKARTA SELATAN,DKI JAKARTA,●INTENSITAS HUJAN YANG TINGGI DAN MENYEBABKAN LUAPAN SUNGAI/KALI DAN MENGGENANGI PEMUKIMAN WARGA,0.0,0.0,0.0,0,0.0,0,KOTA ADM. JAKARTA SELATAN,0.0,2024,1
3173,2024-01-13,BANJIR,KEC. CENGKARENG  KEL. CENGKARENG TIMUR KEL. RAWA BUAYA,KOTA ADM. JAKARTA BARAT,DKI JAKARTA,●DIPICU HUJAN DENGAN INTENSITAS TINGGI DISERTAI,0.0,0.0,0.0,0,314.0,0,KOTA ADM. JAKARTA BARAT,314.0,2024,1
3174,2024-01-13,BANJIR,KEC. PASAR MINGGU,KOTA ADM. JAKARTA SELATAN,DKI JAKARTA,●DIPICU HUJAN DENGAN INTENSITAS TINGGI DISERTAI,0.0,0.0,0.0,0,0.0,0,KOTA ADM. JAKARTA SELATAN,0.0,2024,1
3172,2024-01-13,BANJIR,KEC. PENJARINGAN,KOTA ADM. JAKARTA UTARA,DKI JAKARTA,●DIPICU HUJAN DENGAN INTENSITAS TINGGI DISERTAI,0.0,0.0,0.0,0,0.0,0,KOTA ADM. JAKARTA UTARA,0.0,2024,1
3172,2024-01-31,BANJIR,CILINCING,KOTA ADM. JAKARTA UTARA,DKI JAKARTA,CURAH HUJAN TINGGI & ROB,0.0,0.0,0.0,0,0.0,0,KOTA ADM. JAKARTA UTARA,0.0,2024,1
3173,2024-02-05,BANJIR,KOTA JAKARTA BARAT KEC. KEBON JERUK KEL. KELAPA DUA KEL. SUKABUMI SELATAN KEL. SUKABUMI UTARA KOTA JAKARTA SELATAN KEC. PANCORAN KEL. PANCORAN KEC. MAMPANG PERAPATAN KEL. TEGAL PARANG,KOTA ADM. JAKARTA BARAT,DKI JAKARTA,●DIPICU OLEH HUJAN DENGAN INTENSITAS TINGGI,0.0,0.0,0.0,0,26.0,0,KOTA ADM. JAKARTA BARAT,26.0,2024,2
3173,2024-02-14,BANJIR,KEC. KEMBANGAN KEL. JOGLO KEL. KEMBANGAN UTARA KEC. KEBON JERUK KEL. SUKABUMI SELATAN KEL. SUKABUMI UTARA,KOTA ADM. JAKARTA BARAT,DKI JAKARTA,●DIPICU OLEH HUJAN DENGAN INTENSITAS TINGGI,0.0,0.0,0.0,0,50.0,0,KOTA ADM. JAKARTA BARAT,50.0,2024,2
3172,2024-03-22,BANJIR,KOTA JAKARTA BARAT  KEC. CENGKARENG KEL. CENGKARENG BARAT KEL. CENGKARENG TIMUR KEL. DURI KOSAMBI KEL. KAPUK KEL. KEDAUNG KALI ANGKE KEL. RAWA BUAYA KEC. KALI DERES KEL. KALI DERES KEL. KEL. KAMAL KEL. PEGADUNGAN KEL. SEMANAN KEL. TEGAL ALUR KEC. KEBON JERUK KEL. SUKABUMI SELATAN KEC. KEMBANGAN KEL. JOGLO KOTA JAKARTA SELATAN KEC. PASAR MINGGU   KEL. CILANDAK TIMUR KEC. PESANGGRAHAN   KEL. BINTARO KOTA JAKARTA TIMUR KEC. CAKUNG  KEL. RAWA TERATE JAKARTA UTARA KEC. CILINCING   KEL. SEMPER BARAT,KOTA ADM. JAKARTA UTARA,DKI JAKARTA,"●HUJAN DENGAN INTENSITAS TINGGI SEHINGGA TERJADI BANJIR PADA HARI JUMAT, 22 MARET 2024, PKL. 06:00 WIB",0.0,0.0,0.0,0,0.0,0,KOTA ADM. JAKARTA UTARA,0.0,2024,3
3175,2024-03-22,BANJIR,KOTA JAKARTA BARAT  KEC. CENGKARENG KEL. CENGKARENG BARAT KEL. CENGKARENG TIMUR KEL. DURI KOSAMBI KEL. KAPUK KEL. KEDAUNG KALI ANGKE KEL. RAWA BUAYA KEC. KALI DERES KEL. KALI DERES KEL. KEL. KAMAL KEL. PEGADUNGAN KEL. SEMANAN KEL. TEGAL ALUR KEC. KEBON JERUK KEL. SUKABUMI SELATAN KEC. KEMBANGAN KEL. JOGLO KOTA JAKARTA SELATAN KEC. PASAR MINGGU   KEL. CILANDAK TIMUR KEC. PESANGGRAHAN   KEL. BINTARO KOTA JAKARTA TIMUR KEC. CAKUNG  KEL. RAWA TERATE JAKARTA UTARA KEC. CILINCING   KEL. SEMPER BARAT,KOTA ADM. JAKARTA TIMUR,DKI JAKARTA,"●HUJAN DENGAN INTENSITAS TINGGI SEHINGGA TERJADI BANJIR PADA HARI JUMAT, 22 MARET 2024, PKL. 06:00 WIB",0.0,0.0,0.0,0,0.0,0,KOTA ADM. JAKARTA TIMUR,0.0,2024,3
3174,2024-03-22,BANJIR,KOTA JAKARTA BARAT  KEC. CENGKARENG KEL. CENGKARENG BARAT KEL. CENGKARENG TIMUR KEL. DURI KOSAMBI KEL. KAPUK KEL. KEDAUNG KALI ANGKE KEL. RAWA BUAYA KEC. KALI DERES KEL. KALI DERES KEL. KEL. KAMAL KEL. PEGADUNGAN KEL. SEMANAN KEL. TEGAL ALUR KEC. KEBON JERUK KEL. SUKABUMI SELATAN KEC. KEMBANGAN KEL. JOGLO KOTA JAKARTA SELATAN KEC. PASAR MINGGU   KEL. CILANDAK TIMUR KEC. PESANGGRAHAN   KEL. BINTARO KOTA JAKARTA TIMUR KEC. CAKUNG  KEL. RAWA TERATE JAKARTA UTARA KEC. CILINCING   KEL. SEMPER BARAT,KOTA ADM. JAKARTA SELATAN,DKI JAKARTA,"●HUJAN DENGAN INTENSITAS TINGGI SEHINGGA TERJADI BANJIR PADA HARI JUMAT, 22 MARET 2024, PKL. 06:00 WIB",0.0,0.0,0.0,0,0.0,0,KOTA ADM. JAKARTA SELATAN,0.0,2024,3
3173,2024-03-22,BANJIR,KOTA JAKARTA BARAT  KEC. CENGKARENG KEL. CENGKARENG BARAT KEL. CENGKARENG TIMUR KEL. DURI KOSAMBI KEL. KAPUK KEL. KEDAUNG KALI ANGKE KEL. RAWA BUAYA KEC. KALI DERES KEL. KALI DERES KEL. KEL. KAMAL KEL. PEGADUNGAN KEL. SEMANAN KEL. TEGAL ALUR KEC. KEBON JERUK KEL. SUKABUMI SELATAN KEC. KEMBANGAN KEL. JOGLO KOTA JAKARTA SELATAN KEC. PASAR MINGGU   KEL. CILANDAK TIMUR KEC. PESANGGRAHAN   KEL. BINTARO KOTA JAKARTA TIMUR KEC. CAKUNG  KEL. RAWA TERATE JAKARTA UTARA KEC. CILINCING   KEL. SEMPER BARAT,KOTA ADM. JAKARTA BARAT,DKI JAKARTA,"●HUJAN DENGAN INTENSITAS TINGGI SEHINGGA TERJADI BANJIR PADA HARI JUMAT, 22 MARET 2024, PKL. 06:00 WIB",0.0,0.0,0.0,0,245.0,0,KOTA ADM. JAKARTA BARAT,245.0,2024,3
3175,2024-04-03,BANJIR,KEC CIPAYUNG KEL. LUBANG BUAYA KEC. PASAR REBO KEL. BARU,KOTA ADM. JAKARTA TIMUR,DKI JAKARTA,"●DIPICU AKIBAT HUJAN DENGAN INTENSITAS LEBAT DAN TERJADI LUAPAN SUNGAI KRUKUT, SUNGAI GROGOL",0.0,0.0,0.0,0,0.0,0,KOTA ADM. JAKARTA TIMUR,0.0,2024,4
3174,2024-04-03,BANJIR,KEC. CILANDAK KEL. CILANDAK BARAT KEL. LEBAK BULUS KEC. JAGAKARSA KEL. LENTENG AGUNG KEC. KEBAYORAN BARU KEL. PETOGOGAN KEC. PASAR MINGGU KEL. CILANDAK TIMUR KEL. KEBAGUSAN KEL. RAGUNAN,KOTA ADM. JAKARTA SELATAN,DKI JAKARTA,"●DIPICU AKIBAT HUJAN DENGAN INTENSITAS LEBAT DAN TERJADI LUAPAN SUNGAI KRUKUT, SUNGAI GROGOL",0.0,0.0,0.0,0,0.0,0,KOTA ADM. JAKARTA SELATAN,0.0,2024,4
3173,2024-04-03,BANJIR,KEC. KEBON JERUK KEL. SUKABUMI SELATAN,KOTA ADM. JAKARTA BARAT,DKI JAKARTA,"●DIPICU AKIBAT HUJAN DENGAN INTENSITAS LEBAT DAN TERJADI LUAPAN SUNGAI KRUKUT, SUNGAI GROGOL",0.0,0.0,0.0,0,320.0,0,KOTA ADM. JAKARTA BARAT,320.0,2024,4
3175,2024-05-25,BANJIR,KEC. JAGAKARSA KEL. TANJUNG BARAT  KEC. PANCORAN  KEL. PENGADEGAN KEL. RAWA JATI  KEC. PASAR MINGGU  KEL. PEJATEN TIMUR KEC. JATINEGARA  KEL. BIDARA CINA KEL. KAMPUNG MELAYU KEC. KRAMAT JATI  KEL. BALE KAMBANG KEL. CAWANG KEL. CILILITAN KEC. PENJARINGAN  KEL. PENJARINGAN KEL. PLUIT,KOTA ADM. JAKARTA TIMUR,DKI JAKARTA,"●HUJAN DENGAN INTENSITAS LEBAT DI BEBERAPA WILAYAH DI DKI JAKARTA, MENYEBABKAN TERJADINYA BANJIR DI BEBERAPA WILAYAH KECAMATAN YANG ADA DI JAKARTA TIMUR DAN JAKARTA SELATAN",0.0,0.0,0.0,0,146.0,0,KOTA ADM. JAKARTA TIMUR,146.0,2024,5
3175,2024-09-12,BANJIR,KEC. CIPAYUNG KEL. LUBANG BUAYA,KOTA ADM. JAKARTA TIMUR,DKI JAKARTA,●DIPICU CURAH HUJAN YANG CUKUP TINGGI,0.0,0.0,0.0,0,0.0,0,KOTA ADM. JAKARTA TIMUR,0.0,2024,9
3174,2024-11-19,BANJIR,PASAR MINGGU,KOTA ADM. JAKARTA SELATAN,DKI JAKARTA,CURAH HUJAN TINGGI & LUAPAN SUNGAI,0.0,0.0,0.0,0,0.0,0,KOTA ADM. JAKARTA SELATAN,0.0,2024,11
3174,2024-11-24,BANJIR,PASAR MINGGU,KOTA ADM. JAKARTA SELATAN,DKI JAKARTA,CURAH HUJAN TINGGI & LUAPAN SUNGAI,0.0,0.0,0.0,0,0.0,0,KOTA ADM. JAKARTA SELATAN,0.0,2024,11
3174,2024-11-27,BANJIR,KEC. PASAR MINGGU KEL. PEJATEN TIMUR KEL. KEBON WARU KOTA JAKARTA TIMUR KEC. JATINEGARA KEL. BIDARA CINA KEL. KP. MELAYU,KOTA ADM. JAKARTA SELATAN,DKI JAKARTA,●DIPICU OLEH HUJAN DENGAN INTENSITAS  TINGGI DAN AIR KIRIMAN DARI WILAYAH BOGOR,0.0,0.0,0.0,0,950.0,0,KOTA ADM. JAKARTA SELATAN,950.0,2024,11
3175,2024-11-28,BANJIR,JATINEGARA,KOTA ADM. JAKARTA TIMUR,DKI JAKARTA,CURAH HUJAN TINGGI & LUAPAN SUNGAI,0.0,0.0,0.0,0,0.0,0,KOTA ADM. JAKARTA TIMUR,0.0,2024,11
3173,2025-01-28,BANJIR,KECAMATAN:\NKEC. CENGKARENG KEC. GROGOL PETAMBURAN KEC. KALIDERES KEL. KALIDERES KEL. PEGADUNGAN KEL. TEGAL ALUR KEC. KEBON JERUK KEL. DURI KEPA KEC. KEMBANGAN KEL. JOGLO KEL. KEMBANGAN UTARA  KOTA JAKARTA PUSAT KEC. KEMAYORAN KEL. KEBON KOSONG  KOTA JAKARTA SELATAN KEC. PASAR MINGGU KEL. PEJATEN TIMUR  KOTA JAKARTA TIMUR KEC. CAKUNG   KEL. CAKUNG BARAT  KEL. CAKUNG TIMUR KEL. RAWA TERATE KEC. JATINEGARA KEL. BIDARA CINA KEL. KAMPUNG MELAYU KEC. KRAMATJATI KEL. CAWANG KEL. CILILITAN  KOTA JAKARTA UTARA KEC. CILINCING KEL. ROROTAN KEL. SEMPER BARAT KEL. SUKAPURA KEC. PENJARINGAN,KOTA ADM. JAKARTA BARAT,DKI JAKARTA,UNKNOWN,0.0,0.0,0.0,0,700.0,0,KOTA ADM. JAKARTA BARAT,700.0,2025,1
3175,2025-01-29,BANJIR,KECAMATAN:\NCAKUNG,KOTA ADM. JAKARTA TIMUR,DKI JAKARTA,UNKNOWN,0.0,0.0,0.0,0,0.0,0,KOTA ADM. JAKARTA TIMUR,0.0,2025,1
3173,2025-01-29,BANJIR,KECAMATAN:\NCENGKARENG,KOTA ADM. JAKARTA BARAT,DKI JAKARTA,UNKNOWN,0.0,0.0,0.0,0,0.0,0,KOTA ADM. JAKARTA BARAT,0.0,2025,1
3172,2025-01-29,BANJIR,KECAMATAN:\NCILINCING,KOTA ADM. JAKARTA UTARA,DKI JAKARTA,UNKNOWN,0.0,0.0,0.0,0,0.0,0,KOTA ADM. JAKARTA UTARA,0.0,2025,1
3173,2025-02-07,BANJIR,KECAMATAN:\NKEC. CENGKARENG KEC. GROGOL PETAMBURAN KEC. KALIDERES,KOTA ADM. JAKARTA BARAT,DKI JAKARTA,UNKNOWN,0.0,0.0,0.0,0,86.0,0,KOTA ADM. JAKARTA BARAT,86.0,2025,2
3173,2025-02-08,BANJIR,KECAMATAN:\NCENGKARENG KALI DERES,KOTA ADM. JAKARTA BARAT,DKI JAKARTA,UNKNOWN,0.0,0.0,0.0,0,0.0,0,KOTA ADM. JAKARTA BARAT,0.0,2025,2
3173,2025-03-03,BANJIR,KECAMATAN:\NKEC. CENGKARENG KEL. DURI KOSAMBI KEL. KEDAUNG KALI ANGKE KEL. RAWA BUAYA KEC. KEBON JERUK KEL. KEDOYA SELATAN KEL. SUKABUMI SELATAN KEC. KEMBANGAN KEL. KEMBANGAN SELATAN KEL. JOGLO KEL. SRENGSENG,KOTA ADM. JAKARTA BARAT,DKI JAKARTA,UNKNOWN,0.0,0.0,0.0,0,0.0,0,KOTA ADM. JAKARTA BARAT,0.0,2025,3
3174,2025-03-03,BANJIR,KECAMATAN:\NKEC. JAGAKARSA KEC. PANCORAN KEC. PASAR MINGGU KEC. PESANGGRAHAN KEC. KEBAYORAN LAMA KEC. TEBET KEC. CILANDAK,KOTA ADM. JAKARTA SELATAN,DKI JAKARTA,UNKNOWN,1.0,0.0,0.0,0,1411.0,0,KOTA ADM. JAKARTA SELATAN,1421.0,2025,3
3175,2025-03-03,BANJIR,KECAMATAN:\NKEC. JATINEGARA KEL. BIDARA CINA KEL. KAMPUNG MELAYU KEL. CIPINANG MUARA KEC. KRAMAT JATI KEL. BALE KAMBANG KEL. CAWANG KEL. CILILITAN KEC. PASAR REBO KEL. GEDONG,KOTA ADM. JAKARTA TIMUR,DKI JAKARTA,UNKNOWN,0.0,0.0,0.0,0,0.0,0,KOTA ADM. JAKARTA TIMUR,0.0,2025,3
3174,2025-03-03,BANJIR,KECAMATAN:\NTEBET,KOTA ADM. JAKARTA SELATAN,DKI JAKARTA,UNKNOWN,1.0,0.0,0.0,0,0.0,0,KOTA ADM. JAKARTA SELATAN,10.0,2025,3
3173,2025-03-18,BANJIR,KECAMATAN:\NCENGKARENG,KOTA ADM. JAKARTA BARAT,DKI JAKARTA,UNKNOWN,0.0,0.0,0.0,0,0.0,0,KOTA ADM. JAKARTA BARAT,0.0,2025,3
3174,2025-03-18,BANJIR,KECAMATAN:\NKEC. CILANDAK KEC. PASAR MINGGU,KOTA ADM. JAKARTA SELATAN,DKI JAKARTA,UNKNOWN,0.0,0.0,0.0,0,0.0,0,KOTA ADM. JAKARTA SELATAN,0.0,2025,3
3175,2025-03-18,BANJIR,KECAMATAN:\NKEC. CIPAYUNG KEC. JATINEGARA KEC. KRAMAT JATI KEC. MAKASAR,KOTA ADM. JAKARTA TIMUR,DKI JAKARTA,UNKNOWN,0.0,0.0,0.0,0,190.0,0,KOTA ADM. JAKARTA TIMUR,190.0,2025,3
3175,2025-04-12,BANJIR,KECAMATAN:\NKEC. JATINEGARA,KOTA ADM. JAKARTA TIMUR,DKI JAKARTA,UNKNOWN,0.0,0.0,0.0,0,44.0,0,KOTA ADM. JAKARTA TIMUR,44.0,2025,4
3175,2025-05-15,BANJIR,KECAMATAN:\NKEC. JATINEGARA KEC. KRAMAT JATI,KOTA ADM. JAKARTA TIMUR,DKI JAKARTA,UNKNOWN,0.0,0.0,0.0,0,133.0,0,KOTA ADM. JAKARTA TIMUR,133.0,2025,5
3175,2025-05-16,BANJIR,KECAMATAN:\NMAKASAR,KOTA ADM. JAKARTA TIMUR,DKI JAKARTA,UNKNOWN,0.0,0.0,0.0,0,150.0,0,KOTA ADM. JAKARTA TIMUR,150.0,2025,5
3175,2025-05-23,BANJIR,KECAMATAN:\NKEC. JATINEGARA KEC. KRAMATJATI,KOTA ADM. JAKARTA TIMUR,DKI JAKARTA,UNKNOWN,0.0,0.0,0.0,0,131.0,0,KOTA ADM. JAKARTA TIMUR,131.0,2025,5
3173,2025-07-06,BANJIR,KECAMATAN:\NKEC. CENGKARENG KEC. KEBON JERUK KEC. KEMBANGAN KEC. KALIDERES,KOTA ADM. JAKARTA BARAT,DKI JAKARTA,UNKNOWN,0.0,0.0,0.0,0,42.0,0,KOTA ADM. JAKARTA BARAT,42.0,2025,7
3174,2025-07-06,BANJIR,KECAMATAN:\NKEC. JAGAKARSA KEC. TEBET KEC. PASAR MINGGU KEC. CILANDAK KEC. KEBAYORAN BARU KEC. MAMPANG PRAPATAN KEC. PANCORAN,KOTA ADM. JAKARTA SELATAN,DKI JAKARTA,UNKNOWN,0.0,0.0,0.0,0,1220.0,0,KOTA ADM. JAKARTA SELATAN,1220.0,2025,7
3175,2025-07-06,BANJIR,KECAMATAN:\NKEC. JATINEGARA KEC. PASAR REBO KEC. KRAMAT JATI,KOTA ADM. JAKARTA TIMUR,DKI JAKARTA,UNKNOWN,0.0,0.0,0.0,0,580.0,0,KOTA ADM. JAKARTA TIMUR,580.0,2025,7
3171,2025-07-06,BANJIR,KECAMATAN:\NKEC. TANAH ABANG,KOTA ADM. JAKARTA PUSAT,DKI JAKARTA,UNKNOWN,0.0,0.0,0.0,0,20.0,0,KOTA ADM. JAKARTA PUSAT,20.0,2025,7
3173,2025-07-07,BANJIR,KECAMATAN:\NKEC. KALIDERES KEC. CENGKARENG KEC. KEMBANGAN,KOTA ADM. JAKARTA BARAT,DKI JAKARTA,UNKNOWN,0.0,0.0,0.0,0,0.0,0,KOTA ADM. JAKARTA BARAT,0.0,2025,7
3175,2025-07-07,BANJIR,KECAMATAN:\NKEC. KRAMATJATI,KOTA ADM. JAKARTA TIMUR,DKI JAKARTA,UNKNOWN,0.0,0.0,0.0,0,0.0,0,KOTA ADM. JAKARTA TIMUR,0.0,2025,7
3174,2025-07-07,BANJIR,KECAMATAN:\NKEC. PASAR MINGGU KEC. MAMPANG PRAPATAN KEC. PANCORAN,KOTA ADM. JAKARTA SELATAN,DKI JAKARTA,UNKNOWN,0.0,0.0,0.0,0,0.0,0,KOTA ADM. JAKARTA SELATAN,0.0,2025,7
3172,2025-07-07,BANJIR,KECAMATAN:\NKEC. PENJARINGAN,KOTA ADM. JAKARTA UTARA,DKI JAKARTA,UNKNOWN,0.0,0.0,0.0,0,0.0,0,KOTA ADM. JAKARTA UTARA,0.0,2025,7
3174,2025-08-20,BANJIR,KECAMATAN:\NKEC. CILANDAK  KEC. PASAR MINGGU,KOTA ADM. JAKARTA SELATAN,DKI JAKARTA,UNKNOWN,0.0,0.0,0.0,0,115.0,0,KOTA ADM. JAKARTA SELATAN,115.0,2025,8
3175,2025-08-29,BANJIR,KECAMATAN:\NKEC. JATINEGARA KEC. KRAMATJATI,KOTA ADM. JAKARTA TIMUR,DKI JAKARTA,UNKNOWN,0.0,0.0,0.0,0,554.0,0,KOTA ADM. JAKARTA TIMUR,554.0,2025,8
3174,2025-08-29,BANJIR,KECAMATAN:\NKEC. PASAR MINGGU,KOTA ADM. JAKARTA SELATAN,DKI JAKARTA,UNKNOWN,0.0,0.0,0.0,0,110.0,0,KOTA ADM. JAKARTA SELATAN,110.0,2025,8
3174,2025-09-12,BANJIR,KECAMATAN:\NKEC. CILANDAK KEC. MAMPANG PRAPATAN KEC. PASAR MINGGU KEC. PESANGGRAHAN,KOTA ADM. JAKARTA SELATAN,DKI JAKARTA,UNKNOWN,0.0,0.0,0.0,0,688.0,0,KOTA ADM. JAKARTA SELATAN,688.0,2025,9
3175,2025-09-12,BANJIR,KECAMATAN:\NKEC. KRAMAT JATI,KOTA ADM. JAKARTA TIMUR,DKI JAKARTA,UNKNOWN,0.0,0.0,0.0,0,0.0,0,KOTA ADM. JAKARTA TIMUR,0.0,2025,9
3174,2025-10-28,BANJIR,KECAMATAN:\N,KOTA ADM. JAKARTA SELATAN,DKI JAKARTA,UNKNOWN,0.0,0.0,0.0,0,0.0,0,KOTA ADM. JAKARTA SELATAN,0.0,2025,10
3175,2025-10-28,BANJIR,KECAMATAN:\NKEC. JATINEGARA KEC. KRAMATJATI,KOTA ADM. JAKARTA TIMUR,DKI JAKARTA,UNKNOWN,0.0,0.0,0.0,0,584.0,0,KOTA ADM. JAKARTA TIMUR,584.0,2025,10
3174,2025-10-30,BANJIR,KECAMATAN:\NKEC. CILANDAK KEL. CILANDAK BARAT KEC. JAGAKARSA KEL. LENTENG AGUNG KEC.KEBAYORAN BARU KEL. CIPETE UTARA KEL. PETOGOGAN KEC. MAMPANG PRAPATAN KEL. BANGKA KEL. KUNINGAN BARAT KEC. PELA MAMPANG KEC. PANCORAN KEL. DUREN TIGA KEC. PASAR MINGGU KEL. CILANDAK TIMUR KEL. JATI PADANG KEL. KEBAGUSAN KEL. PEJATEN BARAT,KOTA ADM. JAKARTA SELATAN,DKI JAKARTA,UNKNOWN,0.0,0.0,0.0,0,332.0,0,KOTA ADM. JAKARTA SELATAN,332.0,2025,10
3175,2025-10-30,BANJIR,KECAMATAN:\NKEC. KRAMATJATI KEL. TENGAH,KOTA ADM. JAKARTA TIMUR,DKI JAKARTA,UNKNOWN,0.0,0.0,0.0,0,0.0,0,KOTA ADM. JAKARTA TIMUR,0.0,2025,10
3174,2025-12-12,BANJIR,KECAMATAN:\NKEC. CILANDAK    KEL. CILANDAK BARAT  KEC. MAMPANG PRAPATAN    KEL. PELA MAMPANG KEC. PASAR MINGGU    KEL. CILANDAK TIMUR KEC. JAGAKARSA KEL. TANJUNG BARAT KEC. PANCORAN KEL. DUREN TIGA,KOTA ADM. JAKARTA SELATAN,DKI JAKARTA,UNKNOWN,0.0,0.0,0.0,0,368.0,0,KOTA ADM. JAKARTA SELATAN,368.0,2025,12
3174,2025-12-20,BANJIR,KECAMATAN:\NKEC. PASAR MINGGU DS. CILANDAK TIMUR,KOTA ADM. JAKARTA SELATAN,DKI JAKARTA,UNKNOWN,0.0,0.0,0.0,0,248.0,0,KOTA ADM. JAKARTA SELATAN,248.0,2025,12
3173,2026-01-22,BANJIR,KECAMATAN:\NKEC. CENGKARENG  KEL. KAPUK KEL. KEDAUNG KALI ANGKE KEL. RAWA BUAYA  KEL. CENGKARENG TIMUR KEL. DURI KOSAMBI KEC. GROGOL PETAMBURAN KEL. JELAMBAR KEC. KEMBANGAN KEL. SRENGSENG KEL. JOGLO KEL. KEMBANGAN SELATAN KEL. KEMBANGAN UTARA KEL. MERAYU SELATAN KEC. KALIDERES KEL. TEGAL ALUR KEL. KAMAL KEC. KEBON JERUK KEL. SUKABUMI SELATAN KEL. KEDOYA SELATAN  KEL. KEDOYA UTARA  KEL. SUKABUMI UTARA  KEL. KEMBANGAN SELATAN  KEL. KOTA BAMBU SELATAN KEC. PALMERAH KEL. KOTA BAMBU SELATAN,KOTA ADM. JAKARTA BARAT,DKI JAKARTA,UNKNOWN,0.0,0.0,0.0,0,585.0,0,KOTA ADM. JAKARTA BARAT,585.0,2026,1
3173,2026-01-28,BANJIR,KECAMATAN:\NKEC. KEBON JERUK KEL. KEDOYA SELATAN KEC. CENGKARENG KEL. KOSAMBI KEL. KAPUK KEL. KEDAUNG KALI ANGKE KEL. RAWA BUAYA KEC. KEMBANGAN KEL. KEMBANGAN SELATAN,KOTA ADM. JAKARTA BARAT,DKI JAKARTA,UNKNOWN,0.0,0.0,0.0,0,1207.0,0,KOTA ADM. JAKARTA BARAT,1207.0,2026,1
3174,2026-02-20,BANJIR,KECAMATAN:\NKEC. CILANDAK  KEL. CILANDAK BARAT KEL. LEBAK BULUS KEC. KEBAYORAN BARU KEL. CIPETE UTARA KEL. PETOGOGAN KEC. PASAR MINGGU KEL. CILANDAK TIMUR KEC. PESANGGRAHAN KEL. BINTARO KEL. PESANGGRAHAN KEL. ULUJAMI,KOTA ADM. JAKARTA SELATAN,DKI JAKARTA,UNKNOWN,0.0,0.0,0.0,0,376.0,0,KOTA ADM. JAKARTA SELATAN,376.0,2026,2
